{
  "types": {
    "pythonRemote": {
      "type": "object",
      "properties": {
        "metricsUrl": {
          "displayName": "Metrics URL",
          "description": "HTTPS endpoint exposing Prometheus metrics (e.g. https://host:9100/metrics)",
          "type": "text",
          "nullable": false,
          "default": ""
        },
        "customDeviceId": {
          "displayName": "Custom Device ID",
          "description": "Value for dt.entity.custom_device dimension",
          "type": "text",
          "nullable": false,
          "default": ""
        },
        "intervalSeconds": {
          "displayName": "Collection interval (seconds)",
          "description": "How often to scrape the metrics endpoint",
          "type": "integer",
          "nullable": false,
          "default": 60,
          "min": 10,
          "max": 3600
        },
        "metricsFilter": {
          "displayName": "Metrics to include",
          "description": "Comma-separated metric names (empty = all metrics)",
          "type": "text",
          "nullable": true
        }
      }
    }
  },
  "dynatrace": "1",
  "schemaId": "custom:prometheus-to-customdevice.activation",
  "displayName": "Prometheus → Custom device collector",
  "description": "Scrape Prometheus metrics from an HTTPS endpoint and attach them to a custom device.",
  "ownerProductManagement": "Ariel",
  "ownerDevelopment": "Ariel",
  "maturity": "EARLY_ADOPTER",
  "allowedScopes": ["environment"],
  "multiObject": true,
  "properties": {
    "pythonRemote": {
      "displayName": "Configuration",
      "type": {
        "$ref": "#/types/pythonRemote"
      }
    }
  }
}
